{
  "project_info": {
    "project_number": "506407686416",
    "firebase_url": "https://gate-d3829.firebaseio.com",
    "project_id": "gate-d3829",
    "storage_bucket": "gate-d3829.appspot.com"
  },
  "client": [
    {
      "client_info": {
        "mobilesdk_app_id": "1:506407686416:android:4bd3812fd2431ec6",
        "android_client_info": {
          "package_name": "com.example.sanjuktalahiri.gate"
        }
      },
      "oauth_client": [
        {
          "client_id": "506407686416-tst05pbcjih25r5ggt44siput5hen0od.apps.googleusercontent.com",
          "client_type": 3
        }
      ],
      "api_key": [
        {
          "current_key": "AIzaSyCN4hRbK6yhPj8oEB8kq0TOgbv2E5Q4xII"
        }
      ],
      "services": {
        "analytics_service": {
          "status": 1
        },
        "appinvite_service": {
          "status": 1,
          "other_platform_oauth_client": []
        },
        "ads_service": {
          "status": 2
        }
      }
    }
  ],
  "configuration_version": "1"
}